{"compound": -0.02316, "n": 10, "ts": 1778503258.768027}