{"compound": 0.0003700000000000037, "n": 10, "ts": 1781887574.747652}