{"compound": -0.06169, "n": 10, "ts": 1781887678.775321}