{"compound": 0.25494, "n": 10, "ts": 1781887586.6348069}