{"compound": 0.25494, "n": 10, "ts": 1778503267.4815304}