{"compound": -0.03706666666666666, "n": 6, "ts": 1778503254.8516123}