{"compound": -0.03706666666666666, "n": 6, "ts": 1781887570.2305105}