{"compound": 0.21636666666666665, "n": 3, "ts": 1778503257.6632829}