{"compound": 0.21636666666666665, "n": 3, "ts": 1781887574.4405298}