{"compound": 0.34776, "n": 10, "ts": 1778503264.22529}