{"compound": 0.32511, "n": 10, "ts": 1781887583.8027778}