{"compound": 0.06331, "n": 10, "ts": 1778503259.543469}