{"compound": 0.13813999999999999, "n": 10, "ts": 1781887577.5112839}