{"compound": 0.06065, "n": 10, "ts": 1781887590.3708668}