{"compound": 0.06065, "n": 10, "ts": 1778503268.839659}