{"compound": 0.50465, "n": 10, "ts": 1778503262.4533758}