{"compound": 0.37266, "n": 10, "ts": 1781887582.1051414}