{"compound": 0.17578, "n": 10, "ts": 1778503272.0776427}