{"compound": -0.03192, "n": 10, "ts": 1781887570.7016206}