{"compound": -0.08102, "n": 10, "ts": 1778503254.8135817}