{"compound": 0.01421, "n": 10, "ts": 1778503259.7016535}