{"compound": 0.025090000000000005, "n": 10, "ts": 1781887577.0721822}